<?xml version="1.0" encoding="UTF-8"?>
<project-private xmlns="http://www.netbeans.org/ns/project-private/1">
    <editor-bookmarks xmlns="http://www.netbeans.org/ns/editor-bookmarks/2" lastBookmarkId="0"/>
    <open-files xmlns="http://www.netbeans.org/ns/projectui-open-files/2">
        <group>
            <file>file:/W:/ipc/pract3/src/aplicacion/ListViewEjemplo1.java</file>
            <file>file:/W:/ipc/pract3/src/controlador/ComoTeSalgaDeLosHuevosController.java</file>
            <file>file:/W:/ipc/pract3/src/controlador/VistaListaControlador.java</file>
            <file>file:/W:/ipc/pract3/src/modelo/Persona.java</file>
            <file>file:/W:/ipc/pract3/src/vista/ComoTeSalgaDeLosHuevos.fxml</file>
        </group>
    </open-files>
</project-private>
