<?xml version="1.0" encoding="UTF-8"?>
<project-private xmlns="http://www.netbeans.org/ns/project-private/1">
    <editor-bookmarks xmlns="http://www.netbeans.org/ns/editor-bookmarks/2" lastBookmarkId="0"/>
    <open-files xmlns="http://www.netbeans.org/ns/projectui-open-files/2">
        <group>
            <file>file:/W:/ipc/pract5/src/pract5/FXMLDocumentController.java</file>
            <file>file:/W:/ipc/pract5/src/pract5/Pract5.java</file>
            <file>file:/W:/ipc/pract5/src/pract5/Estilos.css</file>
            <file>file:/W:/ipc/pract5/src/pract5/FXMLDocument.fxml</file>
        </group>
    </open-files>
</project-private>
